{
    "nt": [
        1,
        2,
        4,
        6,
        8,
        10,
        12,
        14,
        16
    ],
    "time": [
        0.10086677733246081,
        0.07266662456095219,
        0.05185195151110141,
        0.04601161847919381,
        0.046180675011176696,
        0.04472360914587625,
        0.04718957155273529,
        0.04746880038510426,
        0.05560551026064786
    ],
    "time_err": [
        0.0002281796947305502,
        0.00017020368024785228,
        0.00014254994239711884,
        0.00020695235839777459,
        5.832472594873647e-05,
        0.00010988059074739696,
        0.00026235558084267927,
        0.00031035704209471214,
        0.00019901406244412592
    ]
}
