{
    "bsize": [
        1,
        1,
        1,
        1,
        1,
        1,
        1,
        1,
        1,
        1,
        1,
        1,
        128,
        128,
        128,
        128,
        128,
        128,
        128,
        128,
        128,
        128,
        128,
        128
    ],
    "num_subrepeats": [
        1048576,
        262144,
        65536,
        32768,
        16384,
        8192,
        4096,
        1024,
        512,
        128,
        64,
        32,
        1048576,
        262144,
        65536,
        32768,
        16384,
        4096,
        4096,
        1024,
        512,
        128,
        64,
        32
    ],
    "optlevel": [
        3,
        3,
        3,
        3,
        3,
        3,
        3,
        3,
        3,
        3,
        3,
        3,
        3,
        3,
        3,
        3,
        3,
        3,
        3,
        3,
        3,
        3,
        3,
        3
    ],
    "size": [
        20,
        40,
        60,
        80,
        100,
        150,
        200,
        300,
        400,
        600,
        800,
        1000,
        20,
        40,
        60,
        80,
        100,
        150,
        200,
        300,
        400,
        600,
        800,
        1000
    ],
    "time_mean": [
        1.4430766398232375e-06,
        7.2752205853010565e-06,
        1.8174309926788368e-05,
        3.8062519745807315e-05,
        8.208123784747556e-05,
        0.00023604182488412564,
        0.0005073942098690054,
        0.001805644141626317,
        0.004017427508983928,
        0.012763302804614796,
        0.027778477986430516,
        0.07205733888076793,
        1.2109401615056914e-06,
        7.301229649536722e-06,
        1.8639414251619968e-05,
        4.9686609227883594e-05,
        7.334730364583208e-05,
        0.0002648483415796932,
        0.0004849395214492347,
        0.0018062641949256886,
        0.0038020075925260244,
        0.010676564096911534,
        0.02990029085731294,
        0.07207495931197627
    ],
    "time_min": [
        1.2260215931370055e-06,
        7.272437858141245e-06,
        1.8159610139178994e-05,
        3.786835714691961e-05,
        6.785992852087475e-05,
        0.00021224773021799592,
        0.0004376763334903444,
        0.001434590571307126,
        0.0035848960624207393,
        0.012106777016015258,
        0.025491291060461663,
        0.05489077093807282,
        1.1962176913460354e-06,
        7.2633228951346496e-06,
        1.8291229171296663e-05,
        4.700158410742006e-05,
        6.772788951536768e-05,
        0.00025967093142753583,
        0.00043305341336008496,
        0.0015918309893550031,
        0.003176034374973824,
        0.010662169577699387,
        0.025574283110472606,
        0.05506977856566664
    ],
    "time_stdev": [
        4.024034308216197e-07,
        2.5649360393530903e-09,
        8.84864897943545e-09,
        1.727681074606226e-07,
        2.122420902388094e-05,
        4.510702571181406e-05,
        0.00010384454451095375,
        0.00034804458648570683,
        0.0006559660662297548,
        0.0011890091836891383,
        0.005269877516487138,
        0.013252202625697365,
        3.899073833703221e-08,
        2.8018810884269826e-08,
        9.302595777340729e-07,
        7.409483745070398e-06,
        1.557967009738201e-05,
        9.639020248683657e-06,
        0.00010940086250266005,
        0.00025378914048637517,
        0.0005833044440963047,
        1.2819755782293037e-05,
        0.005702224456667173,
        0.01230876207798542
    ]
}