{"size": [250, 1000, 5000, 10000, 50000, 100000, 500000, 1000000, 5000000], "time_stdev": [5.801185283422598e-11, 1.193915680883879e-10, 9.519000973610856e-10, 1.942682322555837e-09, 1.2645966646979088e-08, 3.0025828172060245e-09, 2.8483335732026607e-06, 5.613131066699524e-06, 5.5426715106265925e-05], "time_mean": [1.231728469584109e-07, 4.7049599710691226e-07, 2.322761578771315e-06, 4.638377200660848e-06, 2.519116808308297e-05, 4.9877422058752785e-05, 0.000868856768306614, 0.0023906812429856927, 0.011894773196104325], "num_subrepeats": [8388608, 4194304, 524288, 262144, 65536, 32768, 2048, 512, 128], "time_min": [1.231425644093731e-07, 4.7038862252546387e-07, 2.322089069251021e-06, 4.636998432339112e-06, 2.5179468414293638e-05, 4.98723172022153e-05, 0.0008640244536195496, 0.002383061605542025, 0.011837646202366159]}