{
    "data": {
        "method": [
            "allgather",
            "circulate",
            "allgather",
            "circulate",
            "allgather",
            "circulate",
            "allgather",
            "circulate",
            "allgather",
            "circulate",
            "allgather",
            "circulate",
            "allgather",
            "circulate",
            "allgather",
            "circulate",
            "allgather",
            "circulate",
            "allgather",
            "circulate",
            "allgather",
            "circulate",
            "allgather",
            "circulate"
        ],
        "np": [
            128,
            128,
            256,
            256,
            512,
            512,
            1024,
            1024,
            128,
            128,
            256,
            256,
            512,
            512,
            1024,
            1024,
            128,
            128,
            256,
            256,
            512,
            512,
            1024,
            1024
        ],
        "num_subrepeats": [
            160.0,
            40.0,
            160.0,
            10.0,
            160.0,
            10.0,
            160.0,
            10.0,
            10.0,
            10.0,
            10.0,
            10.0,
            10.0,
            10.0,
            10.0,
            10.0,
            10.0,
            10.0,
            10.0,
            10.0,
            10.0,
            10.0,
            10.0,
            10.0
        ],
        "size": [
            1024,
            1024,
            1024,
            1024,
            1024,
            1024,
            1024,
            1024,
            16384,
            16384,
            16384,
            16384,
            16384,
            16384,
            16384,
            16384,
            102400,
            102400,
            102400,
            102400,
            102400,
            102400,
            102400,
            102400
        ],
        "time_mean": [
            0.0001295626163482666,
            0.0006181687116622926,
            9.628757834434509e-05,
            0.001247692108154297,
            8.857473731040954e-05,
            0.0019432544708251954,
            9.965002536773681e-05,
            0.004117941856384278,
            0.02187899351119995,
            0.02346004247665405,
            0.0122214674949646,
            0.01398700475692749,
            0.005831992626190186,
            0.008508145809173584,
            0.0036046504974365234,
            0.006960403919219971,
            0.7819010972976685,
            0.7779273390769958,
            0.393954586982727,
            0.39856735467910764,
            0.2021937131881714,
            0.22072099447250365,
            0.10223315954208374,
            0.1182737946510315
        ],
        "time_min": [
            0.00012723803520202636,
            0.0004548490047454834,
            9.617507457733154e-05,
            0.0011978864669799805,
            8.8462233543396e-05,
            0.001878809928894043,
            9.951889514923096e-05,
            0.004095005989074707,
            0.02182638645172119,
            0.02295558452606201,
            0.012144017219543456,
            0.01392970085144043,
            0.00556938648223877,
            0.008405494689941406,
            0.0035930871963500977,
            0.0067950963973999025,
            0.7817914962768555,
            0.7772862911224365,
            0.3937192916870117,
            0.3972149133682251,
            0.20170950889587402,
            0.21760129928588867,
            0.10222051143646241,
            0.11755518913269043
        ],
        "time_stdev": [
            3.2874541838497343e-06,
            0.00023096894452455044,
            1.591043531286288e-07,
            7.043581323140606e-05,
            1.5910435312861444e-07,
            9.113834521995724e-05,
            1.854461334479232e-07,
            3.243621461398337e-05,
            7.439761699142941e-05,
            0.0007134112753741994,
            0.00010953122991011153,
            8.103996031674655e-05,
            0.00037138117033859317,
            0.00014517060501092438,
            1.6352977222226884e-05,
            0.00023378013932022745,
            0.00015499925008360894,
            0.0009065787114693306,
            0.0003327577983631988,
            0.0019126408441637716,
            0.0006847682771262053,
            0.0044119152433809775,
            1.7887122508019503e-05,
            0.0010162616700340773
        ]
    },
    "grouped_data": [
        [
            [
                16384,
                "allgather"
            ],
            {
                "color": "#f29312",
                "label": "M=16384,allgather",
                "linestyle": "-",
                "method": [
                    "allgather",
                    "allgather",
                    "allgather",
                    "allgather"
                ],
                "np": [
                    128,
                    256,
                    512,
                    1024
                ],
                "num_subrepeats": [
                    10.0,
                    10.0,
                    10.0,
                    10.0
                ],
                "size": [
                    16384,
                    16384,
                    16384,
                    16384
                ],
                "time_mean": [
                    0.02187899351119995,
                    0.0122214674949646,
                    0.005831992626190186,
                    0.0036046504974365234
                ],
                "time_min": [
                    0.02182638645172119,
                    0.012144017219543456,
                    0.00556938648223877,
                    0.0035930871963500977
                ],
                "time_stdev": [
                    7.439761699142941e-05,
                    0.00010953122991011153,
                    0.00037138117033859317,
                    1.6352977222226884e-05
                ]
            }
        ],
        [
            [
                1024,
                "circulate"
            ],
            {
                "color": "#4caf50",
                "label": "M=1024,circulate",
                "linestyle": "--",
                "method": [
                    "circulate",
                    "circulate",
                    "circulate",
                    "circulate"
                ],
                "np": [
                    128,
                    256,
                    512,
                    1024
                ],
                "num_subrepeats": [
                    40.0,
                    10.0,
                    10.0,
                    10.0
                ],
                "size": [
                    1024,
                    1024,
                    1024,
                    1024
                ],
                "time_mean": [
                    0.0006181687116622926,
                    0.001247692108154297,
                    0.0019432544708251954,
                    0.004117941856384278
                ],
                "time_min": [
                    0.0004548490047454834,
                    0.0011978864669799805,
                    0.001878809928894043,
                    0.004095005989074707
                ],
                "time_stdev": [
                    0.00023096894452455044,
                    7.043581323140606e-05,
                    9.113834521995724e-05,
                    3.243621461398337e-05
                ]
            }
        ],
        [
            [
                102400,
                "circulate"
            ],
            {
                "color": "#e91e63",
                "label": "M=102400,circulate",
                "linestyle": "--",