{
    "bandwidth /(B/s)": 1471272414.0260692,
    "data": {
        "num_subrepeats": [
            2560.0,
            640.0,
            320.0,
            160.0,
            40.0,
            10.0,
            10.0,
            10.0,
            10.0
        ],
        "size": [
            512,
            2048,
            8192,
            32768,
            131072,
            524288,
            2097152,
            8388608,
            33554432
        ],
        "time_mean": [
            6.920285522937775e-06,
            1.883450895547867e-05,
            3.428868949413299e-05,
            9.05558466911316e-05,
            0.0003776520490646362,
            0.0014973044395446776,
            0.005936741828918457,
            0.09187099933624268,
            0.3659246563911438
        ],
        "time_min": [
            6.9015659391880035e-06,
            1.872517168521881e-05,
            3.4246593713760376e-05,
            9.051859378814698e-05,
            0.00037750005722045896,
            0.001495695114135742,
            0.005930399894714356,
            0.09183950424194336,
            0.3658738136291504
        ],
        "time_stdev": [
            2.6473489220904894e-08,
            1.546262504743432e-07,
            5.953242352163638e-08,
            5.268356063861754e-08,
            2.149489274055749e-07,
            2.275929819588278e-06,
            8.96884936311776e-06,
            4.4540789506319686e-05,
            7.190252355958522e-05
        ]
    },
    "fig_fit_fn": "fig-fit.svg",
    "fit": [
        1.0874940525947019e-08,
        0
    ]
}
